token,index,count
<PAD>,0,0
<UNK>,1,0
<CLS>,2,0
bar,3,718886
P1,4,718886
key_sharp_2,5,6038
time_3/4,6,16598
clef_treble,7,36522
clef_bass,8,21476
rest,9,2011208
len_1/2,10,4156549
len_1,11,2463784
note_F#5,12,138941
len_1/4,13,1507619
stem_down,14,4681620
beam_start_start,15,299950
slur_start,16,172590
note_E5,17,291088
beam_stop_stop,18,333607
note_D5,19,403815
stem_up,20,4108345
note_B5,21,79120
note_A#5,22,11041
note_C#5,23,142491
len_2,24,885539
slur_stop,25,180435
note_B4,26,347560
note_G4,27,516737
note_F#4,28,233093
note_E4,29,410744
beam_start,30,1253301
beam_stop,31,1118749
note_C#4,32,113492
note_A#4,33,27671
note_A4,34,495193
accent,35,118935
note_B3,36,245340
note_E3,37,223404
beam_continue,38,882538
note_D4,39,475792
note_F#3,40,115894
tenuto,41,31234
len_3/4,42,208490
beam_continue_continue,43,420748
len_3,44,325244
note_B2,45,109420
note_A5,46,150790
note_A3,47,346099
note_A2,48,156005
note_G5,49,205126
note_G3,50,355260
note_G2,51,149760
len_3/2,52,331373
note_A#3,53,16512
note_F#2,54,38125
note_D3,55,268351
note_C#3,56,50178
note_D#5,57,46499
note_D#4,58,44708
note_E2,59,71170
note_D2,60,68080
note_C#2,61,11465
beam_continue_start,62,92758
staccato,63,460056
note_G#4,64,93271
note_G#5,65,46434
note_E#4,66,9578
note_G#3,67,57643
note_G#2,68,21388
note_E#2,69,1285
note_B1,70,20840
note_A#1,71,1900
key_flat_4,72,2808
note_C4,73,393539
note_Eb4,74,177960
note_Ab2,75,52670
note_Ab3,76,97927
beam_stop_partial-left,77,132432
note_Ab4,78,94989
note_C5,79,387916
note_Db4,80,51587
note_Bb4,81,225625
note_Eb3,82,118422
note_F4,83,351105
note_Db3,84,36854
time_5/8,85,696
note_Bb3,86,217933
time_1/8,87,345
note_F3,88,235758
note_C3,89,225604
note_Db5,90,38103
note_Eb5,91,103751
key_sharp_1,92,7905
time_4/4,93,44010
P2,94,393606
P3,95,280000
P4,96,240865
tie_start,97,388109
tie_stop,98,439629
beam_start_partial-right,99,41387
beam_continue_stop,100,50738
key_flat_1,101,8076
key_natural_0,102,12761
note_F2,103,90263
note_Bb2,104,116822
note_F5,105,174154
<voice>,106,118784
len_7/2,107,5998
</voice>,108,118784
len_4,109,807178
P5,110,168903
clef_C,111,1251
P6,112,115770
P7,113,87522
P8,114,72973
P9,115,61378
time_8/4,116,1569
len_8,117,12232
len_6,118,36665
time_6/4,119,3476
len_4/3,120,2005
len_2/3,121,41882
note_Gb4,122,24285
note_Eb2,123,34312
key_flat_5,124,1175
note_Gb3,125,20674
time_2/4,126,8300
time_1/4,127,928
note_Fb4,128,2118
key_flat_3,129,4668
key_flat_2,130,5571
note_Bb5,131,56451
len_1/3,132,164905
chord_G,133,8117
chord_D,134,7654
chord_C,135,6577
chord_Em,136,3259
chord_D7,137,2168
chord_Am,138,3331
chord_Bm,139,1165
chord_Am7,140,593
time_3/8,141,647
note_C6,142,66097
note_E6,143,27357
note_A1,144,23792
note_C2,145,55985
note_D#3,146,22146
beam_continue_partial-right,147,21767
note_Bbb2,148,146
note_D6,149,50010
len_16,150,83
len_5,151,3465
len_7,152,868
note_Cb4,153,6803
time_7/8,154,636
note_E#5,155,9060
note_D#2,156,5823
note_F6,157,16237
note_Ab5,158,33426
note_B#4,159,5223
len_39,160,1
chord_A,161,3994
chord_A7,162,1801
chord_E7,163,1063
time_12/4,164,284
len_12,165,2595
note_Gb2,166,10705
P10,167,50282
P11,168,42668
P12,169,37847
P13,170,33377
note_Fb3,171,1786
len_7/4,172,2081
len_1/8,173,109094
key_sharp_4,174,2175
note_B#2,175,1374
note_A#2,176,7729
note_F##3,177,847
note_E#3,178,4592
note_F##4,179,1141
beam_continue_start_start,180,3320
beam_stop_stop_stop,181,13275
key_sharp_3,182,3223
note_Cb5,183,6494
note_Gb5,184,12159
note_B#3,185,3367
note_C#6,186,24182
note_A##4,187,12
note_E1,188,8069
beam_continue_continue_continue,189,46759
beam_start_start_start,190,14240
beam_continue_continue_stop,191,3660
beam_continue_stop_stop,192,1696
len_10/3,193,11
len_1/6,194,56009
note_G6,195,13604
P14,196,28953
P15,197,26851
P16,198,22023
P17,199,19158
P18,200,17079
P19,201,15553
P20,202,14756
P21,203,10468
note_D#6,204,7201
note_F#6,205,9743
note_G1,206,19673
note_Bb1,207,21055
time_6/6,208,1370
len_9/2,209,801
len_5/2,210,1064
beam_continue_continue_start,211,6022
len_27/8,212,2
time_9/8,213,802
len_1/12,214,5675
beam_stop_stop_partial-left,215,5947
note_Ab1,216,6927
note_Db2,217,10511
len_3/8,218,9960
chord_Cm,219,1261
chord_Bb,220,3069
chord_Gm,221,1713
chord_Eb,222,1901
chord_Fm,223,547
chord_Ab,224,760
key_sharp_5,225,1166
note_E#1,226,203
len_5/3,227,76
len_11/3,228,3
note_G#1,229,2855
note_F#1,230,5054
note_B#5,231,1834
note_F1,232,9253
note_Cb2,233,1542
note_Cb3,234,4625
note_Eb6,235,13128
note_Ab6,236,2612
note_A6,237,7836
note_D1,238,4831
note_C7,239,2941
note_Bb6,240,3061
note_B6,241,3750
note_G#6,242,2928
chord_G7,243,1560
chord_F,244,5456
chord_Dm,245,2554
chord_C7,246,1593
note_Fb5,247,1329
note_Fb2,248,918
note_Fb6,249,186
note_Fb1,250,79
note_Eb1,251,2579
time_7/4,252,297
time_3/1,253,277
note_E#6,254,1330
note_B#1,255,503
time_15/16,256,110
time_13/16,257,49
note_C#7,258,880
note_C##5,259,543
note_C##4,260,981
note_A#6,261,723
chord_B,262,1126
beam_continue_continue_partial-right,263,1516
note_Db6,264,7345
note_F##5,265,947
note_Gb6,266,1311
note_Cb6,267,1569
chord_F#m,268,533
chord_B7,269,524
chord_E,270,1870
len_8/3,271,224
clef_percussion,272,1524
note_D7,273,1945
note_Eb7,274,520
note_F7,275,688
note_Bb7,276,82
len_1/16,277,27220
beam_continue_continue_continue_start,278,1039
beam_continue_continue_continue_continue,279,4850
beam_stop_stop_stop_stop,280,1294
beam_start_start_start_start,281,795
time_17/16,282,28
len_1/5,283,2380
len_7/8,284,438
beam_stop_partial-left_partial-left,285,370
time_6/1,286,20
len_24,287,42
len_10,288,85
len_20,289,7
len_14,290,8
time_5/4,291,1639
time_11/16,292,10
time_5/16,293,7
len_5/4,294,163
len_17/4,295,2
time_37/32,296,1
chord_Dm7,297,282
key_flat_6,298,468
note_Ebb3,299,50
note_Ebb2,300,33
note_Ebb4,301,124
note_Ebb5,302,98
time_2/1,303,25
P22,304,9975
P23,305,9493
P24,306,8986
P25,307,7876
P26,308,7420
P27,309,5979
P28,310,4920
P29,311,4316
P30,312,3418
note_Bbb5,313,155
beam_continue_continue_continue_stop,314,607
beam_continue_continue_start_start,315,240
len_3/16,316,822
beam_start_start_partial-right,317,777
beam_continue_start_start_start,318,149
beam_continue_continue_stop_stop,319,230
note_C1,320,2357
time_19/32,321,3
len_4/5,322,138
len_3/5,323,96
len_2/5,324,572
len_1/48,325,36
beam_stop_stop_partial-left_partial-left_partial-left,326,2
len_15/4,327,344
note_C#1,328,1024
len_53/480,329,214
len_1/160,330,268
time_9/4,331,55
chord_F7,332,1010
chord_Bb7,333,940
beam_continue_stop_partial-right,334,397
beam_start_start_partial-right_partial-right,335,110
beam_continue_continue_stop_partial-right,336,152
beam_start_start_start_partial-right,337,180
note_D#7,338,403
note_D#1,339,724
note_F#7,340,378
note_E7,341,963
note_A7,342,226
note_G7,343,433
beam_continue_start_partial-right,344,230
beam_continue_continue_start_partial-right,345,137
len_1/10,346,582
len_3/10,347,65
beam_start_partial-right_partial-right,348,231
note_G#7,349,145
time_7/16,350,9
time_27/32,351,1
chord_F#7,352,141
chord_F#,353,384
chord_G#,354,145
chord_F#m7,355,120
note_Bbb4,356,328
note_F##2,357,491
note_D##5,358,58
len_23/240,359,41
len_17/240,360,118
len_3/160,361,18
len_1/40,362,77
len_1/20,363,106
len_56,364,1
len_32,365,3
len_5/6,366,29
chord_Ab7,367,151
chord_Db,368,293
bass_A,369,544
bass_G,370,544
bass_E,371,539
bass_C,372,307
chord_Adim,373,13
chord_Bbm,374,177
bass_F,375,307
bass_Eb,376,162
bass_D,377,321
time_2/2,378,148
time_10/4,379,84
time_14/4,380,25
len_9,381,15
time_15/8,382,8
len_23/160,383,1209
len_11/80,384,158
len_319/160,385,14
len_15/2,386,6
note_Db7,387,382
note_Cb7,388,106
note_Gb7,389,89
note_F##6,390,106
note_F##7,391,55
note_E#7,392,61
note_B#6,393,73
note_Gb1,394,1235
len_3/32,395,142
time_17/8,396,6
len_17/2,397,6
time_13/8,398,34
len_13/2,399,20
note_Bbb3,400,329
len_17/160,401,84
len_7/80,402,2
len_3/40,403,10
len_1/32,404,2372
len_77/40,405,1
len_317/160,406,1
note_B0,407,958
beam_continue_stop_stop_stop,408,123
note_Bbb1,409,40
len_7/3,410,30
note_Db1,411,760
note_Bb0,412,715
len_5/12,413,8
clef_TAB,414,223
len_15/8,415,56
len_31,416,2
key_sharp_6,417,418
time_25/32,418,2
len_25/8,419,2
time_35/32,420,9
len_1/24,421,594
beam_continue_stop_partial-right_partial-right,422,28
beam_continue_partial-right_partial-right,423,76
len_137/160,424,8
time_4/1,425,4
note_A0,426,1068
time_27/16,427,9
beam_stop_stop_stop_partial-left_partial-left,428,6
time_31/32,429,1
len_18,430,13
time_19/16,431,12
note_G0,432,28
len_29/80,433,25
len_39/80,434,1
len_1/80,435,46
len_7/16,436,268
len_23/16,437,4
len_9/4,438,331
chord_C#m,439,562
note_Dbb4,440,24
note_G##3,441,130
note_F#0,442,1
note_D0,443,5
note_B7,444,127
time_33/32,445,1
time_21/16,446,62
time_9/16,447,19
note_C##3,448,338
beam_continue_continue_partial-right_partial-right,449,195
beam_stop_stop_partial-left_partial-left,450,880
beam_continue_continue_continue_partial-right,451,814
beam_stop_stop_stop_partial-left,452,4617
chord_Csus4,453,19
key_sharp_7,454,211
note_Ab7,455,86
note_A#0,456,572
time_18/4,457,22
len_16/3,458,31
time_11/8,459,13
len_17/12,460,2
time_29/32,461,2
beam_stop_stop_stop_stop_partial-left_partial-left,462,4
beam_continue_stop_stop_stop_partial-right_partial-right,463,3
len_3/20,464,130
time_39/32,465,1
beam_stop_partial-left_partial-left_partial-left,466,280
len_61/32,467,1
len_2/15,468,45
note_Abb3,469,101
chord_Bm7,470,330
len_40,471,1
chord_A9,472,122
chord_Gb9,473,13
chord_G9,474,73
chord_A7/5,475,1
chord_C6,476,107
chord_Cm6,477,70
chord_Gm6,478,68
chord_D7/5,479,1
note_G##5,480,78
note_C##6,481,137
note_D##2,482,18
note_A##2,483,36
note_G##4,484,190
note_D##3,485,60
note_A##3,486,38
len_35/8,487,1
note_Bbb6,488,11
len_11/8,489,14
len_427/480,490,11
beam_continue_continue_continue_continue_start,491,26
beam_stop_stop_stop_stop_stop,492,412
len_158,493,1
len_11/6,494,21
len_7/6,495,18
len_13/6,496,10
len_13/10,497,1
len_8/5,498,2
chord_G¹,499,4
bass_B,500,227
chord_D(9),501,8
len_13/3,502,3
chord_Cm(9),503,1
len_79/160,504,17
beam_stop_stop_partial-left_partial-left_partial-left_partial-left,505,2
beam_continue_start_partial-right_partial-right_partial-right,506,2
beam_continue_continue_partial-right_partial-right_partial-right_partial-right,507,2
beam_continue_stop_partial-right_partial-right_partial-right_partial-right,508,2
chord_D#dim,509,6
chord_Aaug,510,5
chord_Cdim,511,59
P31,512,2738
P32,513,1535
P33,514,1118
P34,515,828
len_15/16,516,199
len_13/4,517,52
note_D##4,518,37
time_16/4,519,27
key_flat_7,520,123
note_Ebb6,521,36
note_Abb4,522,128
note_Abb5,523,41
note_Dbb5,524,57
note_Dbb6,525,29
chord_Bdim,526,13
beam_continue_stop_partial-left,527,23
note_G##2,528,53
note_D##6,529,4
len_91/80,530,1
len_17/20,531,2
len_21/160,532,26
len_31/16,533,192
len_19/160,534,3
beam_continue_continue_continue_continue_continue,535,643
beam_continue_stop_stop_stop_stop,536,20
beam_continue_start_start_start_start,537,19
beam_continue_continue_stop_stop_stop,538,4
beam_continue_partial-left,539,7
len_19/6,540,4
len_23/8,541,2
chord_G#m,542,93
chord_Bbmaj7,543,70
chord_Abmaj7,544,122
chord_Fmaj7,545,150
chord_Ebmaj9,546,5
chord_Dm9,547,30
chord_Fm7,548,298
chord_Gm7,549,443
chord_Em7,550,498
chord_Amaj7,551,106
chord_Ab7sus4(#7),552,5
chord_Cm7,553,280
chord_Cmaj13(#11),554,2
chord_Ebmaj13(#11),555,3
chord_C(#11),556,1
chord_Bm9,557,5
chord_G7(b9),558,34
chord_E7(b9),559,30
chord_F9,560,83
chord_Gmaj9,561,8
chord_Dbmaj13,562,7
chord_Bbmaj13,563,4
len_11/16,564,19
len_31/32,565,22
bass_Ab,566,64
chord_B(2),567,13
len_7/60,568,17
len_103/480,569,3
len_51/160,570,1
len_1/96,571,5
len_51/80,572,1
len_69/160,573,1
beam_continue_start_start_start_partial-right,574,4
beam_continue_continue_continue_continue_stop,575,29
len_250,576,1
chord_C#,577,211
note_A##5,578,10
note_Dbb3,579,6
note_Dbb2,580,2
note_C##2,581,435
note_G##6,582,8
note_F##1,583,172
note_G##1,584,24
note_E##4,585,6
note_E##3,586,1
len_373/160,587,1
len_23/12,588,2
len_19/12,589,1
time_3/16,590,645
P35,591,487
P36,592,366
P37,593,169
P38,594,169
P39,595,169
P40,596,169
P41,597,135
P42,598,135
P43,599,135
P44,600,135
P45,601,135
P46,602,135
P47,603,108
P48,604,108
P49,605,108
P50,606,108
chord_Gbmaj7,607,54
chord_Ab6(9),608,72
chord_Db/F(9),609,10
chord_Bbm9,610,28
chord_Gbm7,611,6
chord_Abm7,612,89
chord_Ebm7,613,53
bass_Gb,614,43
chord_Gbmaj7b5,615,4
chord_Ebm6,616,7
time_1/16,617,1
chord_Dsus,618,8
beam_continue_continue_continue_start_partial-right,619,10
beam_start_start_start_partial-right_partial-right,620,11
chord_C#m7,621,61
bass_D#,622,77
chord_G#7,623,46
note_C8,624,140
note_Db8,625,1
note_F8,626,1
note_Ab8,627,2
chord_Eb13,628,18
chord_Fmaj,629,8
chord_Emaj,630,25
bass_C#,631,135
bass_F#,632,411
len_27/4,633,9
len_11/2,634,7
chord_A#5,635,90
chord_C5,636,94
chord_C#5,637,49
chord_F5,638,24
chord_G#5,639,44
chord_D#5,640,24
chord_G#6(),641,4
chord_Eb7,642,608
chord_Gb7,643,108
chord_G(9),644,59
chord_A(4),645,6
chord_A/C#(4),646,3
chord_Fa,647,43
chord_Christmas,648,13
chord_All,649,1
chord_Faithful,650,22
note_F##9,651,2
len_29/32,652,1
beam_continue_start_partial-right_partial-right,653,21
len_35/32,654,1
len_13/32,655,1
note_Gbb3,656,3
chord_G#m(9),657,12
chord_C#m7(9),658,6
chord_BM7,659,12
chord_A#m7(b5),660,11
chord_F#7(9),661,4
chord_G#mM7,662,4
chord_EM7,663,15
chord_D#,664,31
chord_BM7(9),665,2
chord_D#sus4,666,4
chord_F#7(9)(11),667,2
chord_EM7(9),668,2
chord_B/D#(9),669,3
chord_G#(9),670,2
time_11/4,671,15
len_11,672,3
time_18/18,673,1
len_31/2,674,4
beam_start_partial-right_partial-right_partial-right,675,136
chord_Bbmaj9,676,29
chord_Am9,677,34
chord_A(9),678,13
chord_D/A(9),679,1
note_C##1,680,106
note_F0,681,30
note_B-1,682,16
chord_Ebm,683,187
chord_Gb,684,330
bass_Bb,685,333
chord_Bbsus2,686,77
beam_continue_continue_start_start_start,687,6
len_17,688,3
chord_Ammaj7,689,6
chord_Gm(b6),690,4
chord_C#dim,691,14
chord_Bbdim,692,19
chord_Fmi7,693,27
chord_Gmi7,694,64
chord_Cmi7,695,67
chord_Bb7sus4(7),696,28
chord_Bbmi7,697,88
chord_F#dim,698,35
len_11/4,699,81
chord_Db7,700,202
chord_C7(b9),701,56
chord_D7(b9),702,93
chord_Bbaug,703,2
time_31/4,704,1
chord_Daug,705,9
beam_start_start_partial-right_partial-right_partial-right,706,10
chord_Ddim,707,17
chord_C#7,708,68
chord_C9,709,114
time_20/4,710,15
time_47/8,711,1
chord_C(4),712,3
chord_CM,713,26
chord_GM,714,68
chord_DM,715,20
chord_AbMaj7,716,94
chord_Abm,717,59
chord_D9,718,67
chord_Gmaj7,719,134
chord_B9,720,18
chord_Cmb5,721,1
chord_F#sus4,722,1
chord_G#m7,723,2
chord_Dmaj13,724,2
chord_D7(b9)(13),725,13
chord_D7(9),726,4
chord_A7(13),727,7
chord_A7(b13),728,4
chord_A#m7,729,3
chord_C#m7b5,730,8
chord_Bb6,731,66
chord_F6,732,110
chord_DóM,733,39
chord_Cmaj7,734,248
len_619/16,735,1
chord_Caug,736,2
time_30/30,737,1
chord_Dsus4,738,25
chord_D#m,739,61
len_5/24,740,3
len_7/24,741,2
chord_FM,742,4
chord_FM7,743,5
len_19/4,744,1
chord_C#min,745,2
chord_F#min,746,2
chord_FaM,747,36
chord_D(2),748,25
chord_C7sus4(7),749,3
chord_B7b5,750,61
chord_F7sus4(7),751,6
chord_Ebmaj7,752,148
chord_Ab9,753,36
chord_Bb13,754,24
chord_Dbmaj7,755,37
chord_Cbmaj7,756,7
chord_Gdim,757,64
time_27/4,758,1
chord_Fa#m,759,8
len_441/8,760,1
len_289/16,761,1
chord_G#dim,762,19
chord_Edim,763,15
len_6/5,764,7
len_137/240,765,24
len_137/480,766,170
chord_Dmb5,767,2
chord_Dm6,768,8
time_33/16,769,2
chord_Dsus2,770,25
time_17/32,771,1
len_183/160,772,2
chord_A(7),773,6
time_24/4,774,9
time_35/8,775,1
time_13/4,776,12
time_15/4,777,7
len_23/2,778,1
chord_E(2),779,2
chord_F#7b5,780,10
chord_D#º,781,7
chord_G#7b5,782,4
chord_E#,783,6
chord_A°,784,1
chord_D°,785,1
time_31/16,786,1
chord_E9,787,82
bass_G#,788,83
chord_Bsus4,789,32
chord_C/6(9),790,38
len_0,791,1
chord_Eb9,792,73
chord_A-7b5,793,5
chord_G6,794,137
chord_Dmaj7,795,82
chord_C7#5,796,12
chord_B7(b9),797,21
chord_E7(#9),798,18
chord_AMaj7,799,2
chord_D7(#11),800,2
chord_DbMaj7,801,13
chord_Gb7(#11),802,3
chord_BMaj7,803,6
chord_E7(#11),804,1
chord_EbMaj7,805,31
chord_GbMaj7,806,8
chord_Gb13,807,14
note_Abb2,808,9
chord_Ab6,809,162
chord_Cm7(11),810,8
chord_Fm6,811,7
chord_Bbm7,812,283
chord_Eb7(9)(#11),813,4
chord_Abm6(9),814,4
chord_Abm6,815,12
chord_C7(9),816,4
chord_Fm7(9),817,6
chord_Bb7(9),818,6
chord_Eb6(9),819,7
chord_Eb6,820,93
chord_C#m7(11),821,4
chord_B6,822,14
chord_F#7(#9),823,25
chord_F7(9),824,2
chord_BbMaj7,825,49
chord_F7(#9),826,7
chord_Fm7(11),827,2
chord_Bbsus4(7)(9),828,2
chord_Bb7(b9)(13),829,2
chord_A7(b9),830,37
chord_Eb7(#11),831,10
chord_Bbmi,832,58
chord_A7(#4),833,3
chord_B7(#4),834,5
chord_Gmi,835,17
chord_Cmi,836,12
chord_F#7(#4),837,1
chord_G#7(#4),838,1
chord_C#7(#4),839,2
chord_Fb9,840,4
chord_Cb,841,54
chord_Fbmaj7,842,13
bass_Cb,843,11
chord_Ab7#5(b9),844,8
chord_Ebm11,845,14
chord_Ebsus4,846,7
chord_Bb7(b13),847,6
chord_Cbm7,848,2
chord_Ebm9,849,13
chord_Db9,850,24
chord_Cbmaj9,851,9
note_Cb1,852,34
chord_Ebb,853,2
chord_Fbmaj9,854,5
len_23,855,3
len_13,856,1
chord_Dbm,857,40
chord_Ebb7,858,1
chord_Eb7+,859,1
chord_G13,860,36
chord_Dmi7b5,861,9
chord_Ebmi7,862,9
chord_Ab13,863,12
chord_Dbma7,864,14
chord_G7#5(#9),865,5
chord_Cmi6,866,12
chord_Bb9,867,56
chord_F13,868,29
chord_Emi,869,33
chord_Emi7,870,19
chord_A7sus4(7),871,47
chord_D9sus4(7)(9),872,27
chord_Baug,873,8
chord_Cmin7,874,21
chord_Ebdim,875,4
chord_Em7b5,876,14
chord_Eb7/9,877,13
chord_C13,878,23
chord_Fmaj7/9,879,19
chord_C13(b9),880,10
chord_D7(#9),881,35
chord_Am7b5,882,52
chord_Gm7/9,883,2
chord_F7/9,884,3
chord_Gm9,885,2
chord_Fmaj9,886,14
chord_Amb5,887,2
chord_C11,888,2
chord_F/6(9),889,99
chord_Abma7,890,23
chord_B°,891,7
chord_Bmi7,892,27
chord_Abmi7,893,16
chord_Gmin9,894,7
chord_A7(#9),895,39
chord_Emin7,896,4
chord_G#9,897,2
chord_Dmin,898,32
chord_FMaj7(#11),899,4
chord_Dm11,900,11
chord_Csus,901,7
chord_G7#5,902,4
chord_FMaj7,903,46
chord_Dm7b5,904,14
chord_Eb7sus4(7),905,4
chord_B13,906,7
chord_Gm7b5,907,11
len_31/8,908,8
len_719/240,909,1
chord_Ab9(#11),910,2
chord_Cm7(b9)b5,911,4
chord_Gb/6(9),912,24
chord_Ab5,913,17
chord_Gb6,914,12
chord_B6b5,915,4
chord_Bbm6,916,36
chord_A7b5,917,3
chord_Ab7/6,918,2
chord_Cma7,919,22
chord_Cmima7,920,3
chord_C7sus(7),921,6
chord_C13sus(7)(9)(11)(13),922,3
chord_C7(b9)(b13),923,4
chord_Cmi9,924,8
chord_Cmi9b5,925,3
chord_Cmima7(9),926,3
chord_Cma13,927,3
chord_C6(9),928,7
chord_C#mi,929,3
chord_C#sus,930,7
chord_C#mi7,931,7
chord_C#ma7,932,3
chord_C#mima7,933,3
chord_C#7sus(7),934,3
chord_C#13sus(7)(9)(11)(13),935,3
chord_C#13,936,3
chord_C#7(b9)(b13),937,4
chord_C#mi9,938,3
chord_C#mi9b5,939,3
chord_C#mima7(9),940,3
chord_C#ma13,941,3
chord_C#6(9),942,8
chord_Dmi,943,28
chord_Dmi7,944,23
chord_Dma7,945,3
chord_Dmima7,946,7
chord_D7sus(7),947,22
chord_D13sus(7)(9)(11)(13),948,36
chord_D13,949,7
chord_D7(b9)(b13),950,3
chord_Dmi9,951,17
chord_Dmi9b5,952,3
chord_Dmima7(9),953,3
chord_Dma13,954,3
chord_D6(9),955,28
chord_Ebmi,956,3
chord_Ebsus,957,15
chord_Ebma7,958,17
chord_Ebmima7,959,3
chord_Eb7sus(7),960,3
chord_Eb13sus(7)(9)(11)(13),961,3
chord_Eb7(b9)(b13),962,3
chord_Ebmi9,963,21
chord_Ebmi9b5,964,3
chord_Ebmima7(9),965,3
chord_Ebma13,966,3
chord_Esus,967,11
chord_Ema7,968,4
chord_Emima7,969,3
chord_E7sus(7),970,3
chord_E13sus(7)(9)(11)(13),971,5
chord_E13,972,3
chord_E7(b9)(b13),973,3
chord_Emi9,974,3
chord_Emi9b5,975,3
chord_Emima7(9),976,3
chord_Ema13,977,3
chord_E6(9),978,3
chord_Fmi,979,7
chord_Fsus,980,3
chord_Fma7,981,24
chord_Fmima7,982,3
chord_F7sus(7),983,4
chord_F13sus(7)(9)(11)(13),984,20
chord_F7(b9)(b13),985,3
chord_Fmi9,986,7
chord_Fmi9b5,987,3
chord_Fmima7(9),988,3
chord_Fma13,989,3
chord_F6(9),990,9
chord_F#mi,991,5
chord_F#sus,992,5
chord_F#mi7,993,9
chord_F#ma7,994,3
chord_F#mima7,995,3
chord_F#7sus(7),996,7
chord_F#13sus(7)(9)(11)(13),997,3
chord_F#13,998,3
chord_F#7(b9)(b13),999,3
chord_F#mi9,1000,3
chord_F#mi9b5,1001,3
chord_F#mima7(9),1002,3
chord_F#ma13,1003,3
chord_F#6(9),1004,3
chord_Gsus,1005,30
chord_Gma7,1006,15
chord_Gmima7,1007,5
chord_G7sus(7),1008,14
chord_G13sus(7)(9)(11)(13),1009,7
chord_G7(b9)(b13),1010,3
chord_Gmi9,1011,17
chord_Gmi9b5,1012,3
chord_Gmima7(9),1013,3
chord_Gma13,1014,3
chord_G6(9),1015,5
chord_Abmi,1016,3
chord_Absus,1017,9
chord_Abmima7,1018,3
chord_Ab7sus(7),1019,15
chord_Ab13sus(7)(9)(11)(13),1020,3
chord_Ab7(b9)(b13),1021,3
chord_Abmi9,1022,3
chord_Abmi9b5,1023,3
chord_Abmima7(9),1024,3
chord_Abma13,1025,3
chord_Ami,1026,41
chord_Asus,1027,3
chord_Ami7,1028,27
chord_Ama7,1029,3
chord_Amima7,1030,3
chord_A7sus(7),1031,6
chord_A13sus(7)(9)(11)(13),1032,3
chord_A13,1033,10
chord_A7(b9)(b13),1034,5
chord_Ami9,1035,4
chord_Ami9b5,1036,3
chord_Amima7(9),1037,3
chord_Ama13,1038,3
chord_A6(9),1039,5
chord_Bbsus,1040,3
chord_Bbma7,1041,34
chord_Bbmima7,1042,3
chord_Bb7sus(7),1043,8
chord_Bb13sus(7)(9)(11)(13),1044,3
chord_Bb7(b9)(b13),1045,3
chord_Bbmi9,1046,5
chord_Bbmi9b5,1047,3
chord_Bbmima7(9),1048,3
chord_Bbma13,1049,3
chord_Bb6(9),1050,9
chord_Bmi,1051,25
chord_Bsus,1052,3
chord_Bma7,1053,3
chord_Bmima7,1054,3
chord_B7sus(7),1055,9
chord_B13sus(7)(9)(11)(13),1056,3
chord_B7(b9)(b13),1057,3
chord_Bmi9,1058,3
chord_Bmi7b5,1059,3
chord_Bmima7(9),1060,3
chord_Bma13,1061,3
note_Gbb4,1062,22
chord_A7#5(b9),1063,4
chord_E7#5,1064,4
chord_C#6,1065,4
chord_D7#5,1066,14
bass_A#,1067,15
chord_F7(#11),1068,2
chord_Ddmaj,1069,2
chord_Emaj7,1070,16
chord_Dbm7,1071,7
chord_Bº,1072,3
chord_F#7(#11),1073,5
chord_G#7(#11),1074,1
chord_Amin7,1075,3
chord_Amin,1076,16
chord_Gmin,1077,4
chord_Dmin7,1078,3
len_9/8,1079,13
chord_Gmi7b5,1080,1
chord_Cmi7b5,1081,1
chord_F7(b9),1082,46
chord_C7(#9),1083,21
note_E##5,1084,1
chord_D#7,1085,3
chord_C#maj7,1086,2
chord_Ddim(b7),1087,1
chord_Gmit7,1088,1
chord_Amit7,1089,5
chord_Gmi6(9),1090,4
chord_Ami6(9),1091,11
chord_Cmi11,1092,4
chord_Dmi11,1093,24
chord_Ami7(b5),1094,1
chord_Bmi7(b5),1095,1
chord_Cb7,1096,22
chord_C#(7),1097,1
chord_B(7),1098,2
chord_D(6),1099,1
chord_C(6),1100,2
chord_F#(7),1101,1
chord_E(7),1102,2
chord_G(6)(9),1103,1
chord_F(6)(9),1104,1
chord_CMaj9,1105,2
chord_A(b9),1106,5
chord_Em9,1107,15
chord_Eb5(b9),1108,6
len_35/96,1109,10
len_17/48,1110,2
len_47/48,1111,1
len_95/96,1112,1
len_9/80,1113,3
len_37/40,1114,1
len_157/160,1115,1
chord_Abb5,1116,7
chord_Gbb5,1117,2
chord_Dø,1118,4
bass_Db,1119,38
chord_G7+,1120,9
chord_G#6(9),1121,2
chord_A#6(9),1122,2
chord_B6(9),1123,2
chord_E9sus4(7)(9),1124,5
chord_G9sus4(7)(9),1125,5
chord_F9sus4(7)(9),1126,24
chord_Db13,1127,6
chord_Db6,1128,27
chord_D6,1129,65
chord_A6,1130,45
chord_F#9,1131,12
chord_Ab7b5,1132,9
chord_C#7b5,1133,6
chord_E6,1134,12
chord_Abmaj9,1135,5
chord_A#dim,1136,3
chord_F#7(b13),1137,2
chord_G#m7(b5),1138,2
chord_G7b5,1139,3
chord_B.S.,1140,4
chord_Bbt7,1141,18
chord_Abt7,1142,6
chord_C7(#9)#5,1143,3
chord_F7#5,1144,6
chord_Bb7#5,1145,12
chord_Bb7(#9),1146,17
chord_Abm6#5,1147,3
chord_Db/E(b9),1148,13
chord_G7(#9),1149,8
chord_C7b5,1150,3
chord_C7b5#5(b9)(#9),1151,13
chord_Db7b5,1152,1
chord_Dm13(#11),1153,3
chord_G7b5#5(b9)(#9),1154,4
chord_CMaj7,1155,26
chord_A7b5(b9),1156,2
chord_A7#5,1157,6
chord_A7b5#5(b9)(#9),1158,5
chord_C7b5(b9),1159,1
chord_Dm7b5#5(b9)(#9),1160,1
chord_Gm7#5,1161,2
chord_G7(#11),1162,3
chord_C7(#11),1163,2
chord_Ghord,1164,4
chord_Chord,1165,4
chord_Gsus4,1166,36
chord_Bbord,1167,1
chord_Dhord,1168,6
chord_G#m7b5,1169,5
chord_Bm7b5,1170,28
chord_C#7(#9),1171,3
chord_F#mi6,1172,2
chord_Bmi6,1173,4
chord_Ami6,1174,3
chord_A#9,1175,1
chord_D#9,1176,4
chord_C#9,1177,1
note_Abb6,1178,10
note_Fb7,1179,11
len_479/160,1180,17
len_641/160,1181,1
len_39/40,1182,5
len_159/160,1183,8
chord_E-7b5,1184,16
chord_G-7b5,1185,11
chord_Dm7(b5),1186,3
chord_CMaj,1187,20
chord_F#5,1188,22
chord_GMaj7,1189,13
chord_Abmaj,1190,3
chord_Dbmaj,1191,2
chord_C#-7b5,1192,3
chord_Bbdim7(13),1193,1
chord_Abdim7,1194,2
chord_Ami7b5,1195,8
chord_E7/4,1196,57
chord_Em6,1197,11
chord_BbM7,1198,11
chord_EbM7,1199,10
chord_Bmaj7,1200,3
chord_Am6,1201,27
chord_AM7,1202,2
chord_C#Ø,1203,3
chord_F#Ø,1204,2
chord_B7(#9),1205,6
chord_Cmaj,1206,20
chord_Gmaj,1207,2
chord_Eb7(b9),1208,1
len_9/40,1209,1
len_63/32,1210,4
len_11/160,1211,1
len_69/80,1212,2
len_79/40,1213,1
chord_DMaj7,1214,4
chord_F#m7b5,1215,25
chord_F7b5,1216,1
chord_Ab7(b9),1217,3
chord_Bbm11,1218,1
chord_F7+,1219,2
chord_F#Maj7,1220,1
chord_Fm11,1221,5
chord_Amaj7(#11),1222,1
chord_BbmMaj7,1223,1
chord_Cm7b5,1224,1
chord_EbmMaj7(9),1225,1
chord_GbMaj9,1226,1
chord_AmMA7,1227,2
chord_G7sus4(7),1228,17
chord_FMA7,1229,6
chord_Bbsus4,1230,15
chord_CMA7,1231,4
note_Cb8,1232,2
chord_Db5#5(b9)(#9),1233,3
chord_C#7(#11),1234,3
chord_AbM7,1235,7
chord_A(),1236,3
chord_Em7/9,1237,6
chord_Dmaj7/9,1238,23
chord_Bdim7,1239,7
chord_F#+(7),1240,3
chord_C#-7(b5),1241,4
chord_G13(#11),1242,3
chord_Ebmaj,1243,2
note_Gbb6,1244,8
note_Gbb5,1245,41
chord_C#°,1246,9
chord_G/6(9),1247,50
chord_EbMaj13,1248,3
chord_D-7b5,1249,3
chord_Gbma7,1250,1
chord_Cmi6(9),1251,1
chord_C-7b5,1252,1
chord_E5(b7),1253,2
chord_G11,1254,7
chord_Db(9)(#7),1255,3
chord_F#-7b5,1256,7
chord_C7(b13),1257,2
chord_A7(#9)(b13),1258,8
chord_E7#5(#9),1259,4
chord_Db7(#9)(b13),1260,6
chord_Bb7(#9)(b13),1261,4
chord_Em11,1262,4
chord_Ab7#5(#9),1263,5
chord_C7(#9)(b13),1264,12
chord_Ab13sus(7)(13),1265,1
chord_G13sus(7)(13),1266,1
chord_Bm7(b5),1267,1
chord_Am11,1268,16
chord_F#m7(b5),1269,2
chord_Cm11,1270,2
chord_B,1271,16
chord_Eb7#5,1272,2
beam_continue_start_start_partial-right,1273,53
beam_continue_stop_stop_partial-right,1274,121
chord_Dbdim,1275,10
chord_C#dim7,1276,5
chord_B#dim7,1277,1
chord_A7(b9)#5,1278,1
chord_Adim7,1279,5
chord_CM7,1280,23
chord_FM9,1281,2
chord_Em7(b5),1282,16
chord_G7(9)(13),1283,1
chord_G7(b9)(#13),1284,1
chord_FM7(b11),1285,1
chord_Fm7(#9)(13),1286,1
chord_CM9,1287,1
chord_C(9),1288,19
chord_D7sus4(7),1289,8
chord_Cbsus2,1290,7
chord_Dbsus4,1291,9
chord_Cb/6(9),1292,43
chord_Cb(9),1293,9
chord_Abm(4),1294,5
chord_Gb(9),1295,4
chord_Gbm,1296,8
chord_Fb,1297,6
bass_Fb,1298,4
len_17/480,1299,1
beam_continue_continue_continue_continue_partial-right,1300,12
chord_G5(#7),1301,3
len_25/6,1302,1
len_17/3,1303,1
chord_Bflat,1304,5
chord_Esus4,1305,17
chord_GM7,1306,4
chord_Em6(9),1307,4
chord_Bm6,1308,19
chord_Bb9b5,1309,2
chord_Fm9,1310,10
chord_Bm11,1311,4
note_Cbb5,1312,27
note_Fbb4,1313,14
note_Cbb6,1314,26
note_Fbb5,1315,55
note_Fbb6,1316,17
chord_Am7(b5),1317,22
chord_G(2),1318,8
chord_D(b75),1319,1
chord_Ab(b75),1320,1
chord_C7/13,1321,1
len_7/10,1322,2
chord_Dm79,1323,6
chord_Bb7(11),1324,2
chord_Dm7(9),1325,6
chord_Fm7b5,1326,2
chord_F(9),1327,7
chord_Asus4,1328,38
chord_Asus2,1329,14
chord_D7b5,1330,4
chord_F#dim7,1331,2
chord_A#m,1332,14
chord_Db5,1333,3
chord_F#7(b9),1334,12
chord_Bb7(b9),1335,8
chord_D#°,1336,1
chord_B7b5#5(b9)(#9),1337,40
chord_D9sus(7)(9),1338,10
chord_E7(b9)#5,1339,4
chord_E-7(b5),1340,6
chord_Db-7(b5),1341,6
chord_Fdim7,1342,2
chord_D#maj7,1343,1
chord_Bb7b5,1344,3
chord_Ab7(#11),1345,2
chord_Cm6(9),1346,1
chord_G5,1347,48
chord_Fb7(b9),1348,2
note_B#0,1349,18
note_A#7,1350,84
note_C##7,1351,43
chord_CMaj9(#11),1352,2
chord_Dsus7,1353,3
chord_CmMaj7,1354,7
chord_Am(7),1355,1
chord_Dmaj6,1356,12
beam_continue_partial-right_partial-right_partial-right,1357,3
note_G##7,1358,3
note_B#7,1359,6
chord_Gstop,1360,2
chord_DO,1361,23
chord_Ab(9),1362,5
chord_Eb/G(9),1363,5
chord_Eb5,1364,55
chord_Fm(#7),1365,3
chord_Dim,1366,1
chord_Bb(4),1367,2
chord_Absus4,1368,11
note_Cbb3,1369,2
chord_C7+,1370,3
chord_Fsus4,1371,18
chord_Bb/D(2),1372,2
chord_Gmin7,1373,26
chord_Cmin7(4),1374,2
chord_Gmin7(4),1375,3
chord_Gb/C(2),1376,6
chord_Dbsus,1377,9
chord_Gdim3,1378,2
chord_Gb5,1379,12
chord_Cb(2),1380,12
chord_Gbsus2,1381,6
chord_F11,1382,3
chord_Ebmi6,1383,3
chord_Asus7,1384,3
chord_Gsus9,1385,2
chord_E11,1386,8
chord_Ebmaj7(#11),1387,2
chord_BmMaj7,1388,6
chord_C#Dim,1389,2
beam_start_start_start_start_start,1390,414
chord_Bb(9),1391,43
chord_Bbmmaj7,1392,1
chord_Dm(9),1393,1
chord_Bsemi,1394,4
chord_C7(4),1395,10
chord_Em7/,1396,12
chord_Dm7/9,1397,12
chord_Fmin7/9,1398,12
chord_Dmin7b5,1399,27
chord_FMaj7/9,1400,15
chord_Am7/9,1401,15
len_20/3,1402,4
chord_C#sus2,1403,1
chord_Esus2,1404,13
chord_G#sus4,1405,2
chord_Gsus2,1406,25
len_11/240,1407,8
len_469/240,1408,6
len_491/240,1409,4
chord_Cbm,1410,4
chord_Cm9,1411,13
chord_D6(#4),1412,4
chord_Cm/6(9),1413,18
chord_D(6)(#4),1414,4
chord_Dm/6(9),1415,4
chord_Bb/6(9),1416,15
chord_Gm(6),1417,2
chord_Ab(6),1418,2
chord_Bb5,1419,32
chord_G-7(b5),1420,5
chord_A-7(b5),1421,1
chord_D/6(9),1422,1
chord_Csus7,1423,4
len_479/120,1424,2
note_G8,1425,2
note_D8,1426,3
note_E8,1427,2
chord_Gmmaj7,1428,2
chord_D/F#b5,1429,2
chord_D/F#(9),1430,2
chord_D7b5#5(b9)(#9),1431,4
chord_Fma,1432,4
chord_Emi7b5,1433,1
chord_Abdim,1434,1
chord_Cisdim,1435,1
chord_Cis,1436,1
chord_Ab7+(9),1437,1
beam_continue_continue_continue_start_start,1438,6
chord_G#dim7,1439,3
chord_Dmaj,1440,6
chord_Bmaj,1441,7
note_Ab0,1442,20
chord_Bmin,1443,40
chord_Emin,1444,26
chord_Ab11,1445,2
chord_Fma9,1446,7
chord_Fmi11,1447,3
chord_Abma7#5,1448,2
chord_Gbma7#5,1449,2
chord_Ebma7#5,1450,5
chord_Gmi6,1451,26
chord_G#mi7,1452,4
chord_G13(b9),1453,2
chord_B(3)5,1454,12
chord_E(1)5,1455,14
chord_B5,1456,55
chord_A5,1457,17
chord_Csus2,1458,129
chord_F#°,1459,2
chord_F#AC,1460,2
chord_C(2),1461,27
chord_Gmi11,1462,2
chord_Db7(#11),1463,1
chord_F13(b9),1464,3
chord_D7(#9)(b13),1465,1
chord_B7(#11),1466,4
chord_F7(b13),1467,1
chord_Bb13(b9),1468,1
chord_G7(#9)(b13),1469,1
note_C-1,1470,8
note_G-1,1471,8
note_C0,1472,9
chord_Ddim7,1473,2
beam_start_start_start_start_partial-right,1474,39
beam_stop_stop_stop_stop_partial-left,1475,13
chord_Eb(9),1476,8
chord_Bb/D(9),1477,4
chord_Bb/F(9),1478,2
chord_D7(#9)#5,1479,4
chord_Ebmaj7/9,1480,4
chord_Eb11,1481,2
chord_E9b5,1482,2
chord_Ab/6(9),1483,6
chord_Gbmaj9,1484,2
chord_Bb(2),1485,6
chord_A7(4),1486,2
chord_D7#5(#9),1487,2
chord_A7(#9)#5,1488,4
chord_Gmaj7(9),1489,2
chord_Gb7#5,1490,2
chord_F7/6,1491,2
chord_Bb9#5,1492,2
chord_Bbmaj7/9,1493,2
chord_Gbmaj7/9,1494,2
chord_Gm(b9),1495,2
chord_Brilliantly,1496,3
chord_Anxiously,1497,2
chord_Grievingly,1498,2
chord_Ddim7(9),1499,2
chord_C#dmin,1500,5
chord_Ebm(4),1501,4
chord_Gbma9,1502,19
chord_Db5(#9),1503,17
time_21/4,1504,3
len_21,1505,2
time_19/4,1506,15
len_19,1507,6
time_22/4,1508,3
time_17/4,1509,3
time_23/4,1510,3
chord_Em7-5,1511,20
chord_G(4),1512,1
chord_E5,1513,59
chord_D5,1514,90
chord_GMi7,1515,6
chord_FMa7,1516,2
chord_DMi,1517,1
chord_BbMi7,1518,1
chord_GMaj,1519,1
chord_DMaj,1520,3
chord_C#sus4,1521,8
note_B##5,1522,6
note_A##6,1523,1
chord_D#aug,1524,4
len_17/6,1525,2
chord_Ebma9,1526,2
chord_Abma,1527,2
chord_Gbma,1528,2
chord_Gma,1529,2
chord_Dur,1530,13
chord_Asmaj,1531,3
chord_Es,1532,7
chord_Fam,1533,9
beam_continue_continue_continue_stop_stop,1534,6
chord_B7dim,1535,2
chord_A#,1536,10
len_1/60,1537,7
len_71/240,1538,1
len_49/240,1539,1
len_17/8,1540,1
len_13/8,1541,1
len_19/16,1542,1
beam_start_start_start_start_start_start,1543,1
beam_continue_continue_continue_continue_continue_continue,1544,3
beam_continue_continue_stop_stop_stop_stop,1545,1
len_49/24,1546,1
chord_A7(),1547,82
chord_Bbm7b5,1548,4
len_13/16,1549,3
len_37/16,1550,1
chord_E7(),1551,2
len_639/160,1552,3
chord_Em(9),1553,37
chord_Fsus2,1554,32
len_19/8,1555,1
chord_Bmb5,1556,6
chord_G#mb5,1557,3
chord_E7b5,1558,2
chord_Cccccccc,1559,1
chord_Fe,1560,3
chord_Clap,1561,2
chord_Am(9),1562,4
chord_Bhord,1563,2
chord_Ahord,1564,2
chord_F#aug,1565,10
chord_F#7#5,1566,2
chord_Fb5,1567,2
chord_G#maj7/6,1568,6
chord_B7#5,1569,8
chord_C/B-(4),1570,8
chord_Bb9(4),1571,2
chord_Bb9(6),1572,2
chord_Bb(2)(7),1573,2
note_Eb0,1574,2
note_E0,1575,3
len_1/480,1576,5
chord_Gm(2),1577,8
chord_Am5,1578,1
chord_Em5,1579,2
chord_Cm5,1580,4
chord_Fb7,1581,4
chord_B(9),1582,1
len_853/480,1583,4
len_71/160,1584,11
len_959/240,1585,4
chord_Eaug,1586,2
chord_B#,1587,2
len_29/160,1588,22
len_9/160,1589,73
chord_B11,1590,8
chord_F#m7-5,1591,2
chord_Gm/6(9),1592,27
chord_Gmma7(6)(9),1593,1
chord_Cmaj6,1594,2
chord_Bmmaj7,1595,1
chord_G.,1596,1
chord_AMa7,1597,4
chord_G#(b7),1598,2
chord_C/G(9),1599,2
chord_Eb/B-(9),1600,2
chord_B7sus4(7),1601,2
chord_E#7,1602,2
chord_C#7(b9),1603,2
chord_G#13,1604,3
chord_D9(#11),1605,2
len_11/24,1606,7
beam_continue_continue_start_start_partial-right,1607,3
len_15/32,1608,10
beam_continue_stop_stop_stop_partial-right,1609,2
beam_continue_continue_continue_stop_partial-right,1610,4
len_7/12,1611,3
len_25/24,1612,1
beam_continue_continue_stop_stop_partial-right,1613,9
len_37/24,1614,2
len_23/24,1615,1
note_C#8,1616,2
len_107/480,1617,97
len_13/60,1618,12
len_57/80,1619,1
len_13/30,1620,1
len_17/60,1621,1
len_17/30,1622,1
note_A##0,1623,18
note_A##1,1624,18
len_23/40,1625,2
len_137/40,1626,1
len_5/48,1627,2
chord_F#mb5,1628,1
chord_C#m(b6),1629,4
chord_A/C#(2),1630,10
chord_D/E(2),1631,2
chord_DmM7,1632,3
chord_A7(#11),1633,2
note_Abb1,1634,2
len_7/32,1635,20
len_19/40,1636,4
chord_Edim7,1637,4
len_1/120,1638,1
bass_B#,1639,1
chord_Ddm,1640,1
chord_Fmmaj7,1641,1
note_Cbb2,1642,1
key_sharp_8,1643,3
chord_A11,1644,3
chord_D13(b9),1645,2
chord_D-7(b5),1646,2
len_39/160,1647,4
chord_Dmi6,1648,7
chord_B(4),1649,2
note_Cbb4,1650,1
chord_D5(11),1651,1
chord_F#m7/6,1652,1
chord_F#7sus4(7),1653,6
len_127/32,1654,1
chord_Eb(2),1655,6
len_23/6,1656,1
len_17/40,1657,1
chord_Bbmin,1658,10
chord_GbMaj,1659,9
chord_DbMaj,1660,4
chord_DbM7,1661,3
chord_Ebinv,1662,2
chord_Gaug,1663,2
chord_B-7b5,1664,1
chord_D7#5(#9)(#11),1665,20
note_B##4,1666,1
len_9/5,1667,1
len_119/40,1668,1
len_63/16,1669,1
len_3/80,1670,1
chord_C+(#7),1671,5
chord_Cmaj9(b7),1672,2
chord_B°(#7),1673,4
chord_Gm7(b9)(b11),1674,2
chord_Am7(b9),1675,2
chord_E°,1676,2
chord_GMa7,1677,4
chord_CMa7,1678,2
chord_Db7(#9),1679,2
chord_Cmaj7(9),1680,4
chord_A7(b13)(b9),1681,2
chord_Abmin,1682,1
len_103/240,1683,2
len_9/16,1684,2
len_17/24,1685,1
chord_B¨m,1686,2
chord_Gm(7),1687,2
chord_B¨,1688,4
chord_F9sus(7)(9),1689,22
chord_Eb13(#11),1690,2
chord_Ab(2),1691,2
chord_Db/6(9),1692,2
chord_C/F(2),1693,6
chord_Cmaj9,1694,2
chord_C/E(2),1695,8
chord_Fm(4),1696,2
chord_A9sus(7)(9),1697,4
len_119/160,1698,2
